date,year,month,day,quarter,ym,dow,week_iso,year_iso,ym_sort,date_id,month_name,dow_name,is_month_start,is_month_end,is_weekend
2023-12-28,2023,12,28,4,2023-12,3,52,2023,202312,20231228,Dec,Thu,False,False,False
2023-12-29,2023,12,29,4,2023-12,4,52,2023,202312,20231229,Dec,Fri,False,False,False
2023-12-30,2023,12,30,4,2023-12,5,52,2023,202312,20231230,Dec,Sat,False,False,True
2023-12-31,2023,12,31,4,2023-12,6,52,2023,202312,20231231,Dec,Sun,False,True,True
2024-01-01,2024,1,1,1,2024-01,0,1,2024,202401,20240101,Jan,Mon,True,False,False
2024-01-02,2024,1,2,1,2024-01,1,1,2024,202401,20240102,Jan,Tue,False,False,False
2024-01-03,2024,1,3,1,2024-01,2,1,2024,202401,20240103,Jan,Wed,False,False,False
2024-01-04,2024,1,4,1,2024-01,3,1,2024,202401,20240104,Jan,Thu,False,False,False
2024-01-05,2024,1,5,1,2024-01,4,1,2024,202401,20240105,Jan,Fri,False,False,False
2024-01-06,2024,1,6,1,2024-01,5,1,2024,202401,20240106,Jan,Sat,False,False,True
2024-01-07,2024,1,7,1,2024-01,6,1,2024,202401,20240107,Jan,Sun,False,False,True
2024-01-08,2024,1,8,1,2024-01,0,2,2024,202401,20240108,Jan,Mon,False,False,False
2024-01-09,2024,1,9,1,2024-01,1,2,2024,202401,20240109,Jan,Tue,False,False,False
2024-01-10,2024,1,10,1,2024-01,2,2,2024,202401,20240110,Jan,Wed,False,False,False
2024-01-11,2024,1,11,1,2024-01,3,2,2024,202401,20240111,Jan,Thu,False,False,False
2024-01-12,2024,1,12,1,2024-01,4,2,2024,202401,20240112,Jan,Fri,False,False,False
2024-01-13,2024,1,13,1,2024-01,5,2,2024,202401,20240113,Jan,Sat,False,False,True
2024-01-14,2024,1,14,1,2024-01,6,2,2024,202401,20240114,Jan,Sun,False,False,True
2024-01-15,2024,1,15,1,2024-01,0,3,2024,202401,20240115,Jan,Mon,False,False,False
2024-01-16,2024,1,16,1,2024-01,1,3,2024,202401,20240116,Jan,Tue,False,False,False
2024-01-17,2024,1,17,1,2024-01,2,3,2024,202401,20240117,Jan,Wed,False,False,False
2024-01-18,2024,1,18,1,2024-01,3,3,2024,202401,20240118,Jan,Thu,False,False,False
2024-01-19,2024,1,19,1,2024-01,4,3,2024,202401,20240119,Jan,Fri,False,False,False
2024-01-20,2024,1,20,1,2024-01,5,3,2024,202401,20240120,Jan,Sat,False,False,True
2024-01-21,2024,1,21,1,2024-01,6,3,2024,202401,20240121,Jan,Sun,False,False,True
2024-01-22,2024,1,22,1,2024-01,0,4,2024,202401,20240122,Jan,Mon,False,False,False
2024-01-23,2024,1,23,1,2024-01,1,4,2024,202401,20240123,Jan,Tue,False,False,False
2024-01-24,2024,1,24,1,2024-01,2,4,2024,202401,20240124,Jan,Wed,False,False,False
2024-01-25,2024,1,25,1,2024-01,3,4,2024,202401,20240125,Jan,Thu,False,False,False
2024-01-26,2024,1,26,1,2024-01,4,4,2024,202401,20240126,Jan,Fri,False,False,False
2024-01-27,2024,1,27,1,2024-01,5,4,2024,202401,20240127,Jan,Sat,False,False,True
2024-01-28,2024,1,28,1,2024-01,6,4,2024,202401,20240128,Jan,Sun,False,False,True
2024-01-29,2024,1,29,1,2024-01,0,5,2024,202401,20240129,Jan,Mon,False,False,False
2024-01-30,2024,1,30,1,2024-01,1,5,2024,202401,20240130,Jan,Tue,False,False,False
2024-01-31,2024,1,31,1,2024-01,2,5,2024,202401,20240131,Jan,Wed,False,True,False
2024-02-01,2024,2,1,1,2024-02,3,5,2024,202402,20240201,Feb,Thu,True,False,False
2024-02-02,2024,2,2,1,2024-02,4,5,2024,202402,20240202,Feb,Fri,False,False,False
2024-02-03,2024,2,3,1,2024-02,5,5,2024,202402,20240203,Feb,Sat,False,False,True
2024-02-04,2024,2,4,1,2024-02,6,5,2024,202402,20240204,Feb,Sun,False,False,True
2024-02-05,2024,2,5,1,2024-02,0,6,2024,202402,20240205,Feb,Mon,False,False,False
2024-02-06,2024,2,6,1,2024-02,1,6,2024,202402,20240206,Feb,Tue,False,False,False
2024-02-07,2024,2,7,1,2024-02,2,6,2024,202402,20240207,Feb,Wed,False,False,False
2024-02-08,2024,2,8,1,2024-02,3,6,2024,202402,20240208,Feb,Thu,False,False,False
2024-02-09,2024,2,9,1,2024-02,4,6,2024,202402,20240209,Feb,Fri,False,False,False
2024-02-10,2024,2,10,1,2024-02,5,6,2024,202402,20240210,Feb,Sat,False,False,True
2024-02-11,2024,2,11,1,2024-02,6,6,2024,202402,20240211,Feb,Sun,False,False,True
2024-02-12,2024,2,12,1,2024-02,0,7,2024,202402,20240212,Feb,Mon,False,False,False
2024-02-13,2024,2,13,1,2024-02,1,7,2024,202402,20240213,Feb,Tue,False,False,False
2024-02-14,2024,2,14,1,2024-02,2,7,2024,202402,20240214,Feb,Wed,False,False,False
2024-02-15,2024,2,15,1,2024-02,3,7,2024,202402,20240215,Feb,Thu,False,False,False
2024-02-16,2024,2,16,1,2024-02,4,7,2024,202402,20240216,Feb,Fri,False,False,False
2024-02-17,2024,2,17,1,2024-02,5,7,2024,202402,20240217,Feb,Sat,False,False,True
2024-02-18,2024,2,18,1,2024-02,6,7,2024,202402,20240218,Feb,Sun,False,False,True
2024-02-19,2024,2,19,1,2024-02,0,8,2024,202402,20240219,Feb,Mon,False,False,False
2024-02-20,2024,2,20,1,2024-02,1,8,2024,202402,20240220,Feb,Tue,False,False,False
2024-02-21,2024,2,21,1,2024-02,2,8,2024,202402,20240221,Feb,Wed,False,False,False
2024-02-22,2024,2,22,1,2024-02,3,8,2024,202402,20240222,Feb,Thu,False,False,False
2024-02-23,2024,2,23,1,2024-02,4,8,2024,202402,20240223,Feb,Fri,False,False,False
2024-02-24,2024,2,24,1,2024-02,5,8,2024,202402,20240224,Feb,Sat,False,False,True
2024-02-25,2024,2,25,1,2024-02,6,8,2024,202402,20240225,Feb,Sun,False,False,True
2024-02-26,2024,2,26,1,2024-02,0,9,2024,202402,20240226,Feb,Mon,False,False,False
2024-02-27,2024,2,27,1,2024-02,1,9,2024,202402,20240227,Feb,Tue,False,False,False
2024-02-28,2024,2,28,1,2024-02,2,9,2024,202402,20240228,Feb,Wed,False,False,False
2024-02-29,2024,2,29,1,2024-02,3,9,2024,202402,20240229,Feb,Thu,False,True,False
2024-03-01,2024,3,1,1,2024-03,4,9,2024,202403,20240301,Mar,Fri,True,False,False
2024-03-02,2024,3,2,1,2024-03,5,9,2024,202403,20240302,Mar,Sat,False,False,True
2024-03-03,2024,3,3,1,2024-03,6,9,2024,202403,20240303,Mar,Sun,False,False,True
2024-03-04,2024,3,4,1,2024-03,0,10,2024,202403,20240304,Mar,Mon,False,False,False
2024-03-05,2024,3,5,1,2024-03,1,10,2024,202403,20240305,Mar,Tue,False,False,False
2024-03-06,2024,3,6,1,2024-03,2,10,2024,202403,20240306,Mar,Wed,False,False,False
2024-03-07,2024,3,7,1,2024-03,3,10,2024,202403,20240307,Mar,Thu,False,False,False
2024-03-08,2024,3,8,1,2024-03,4,10,2024,202403,20240308,Mar,Fri,False,False,False
2024-03-09,2024,3,9,1,2024-03,5,10,2024,202403,20240309,Mar,Sat,False,False,True
2024-03-10,2024,3,10,1,2024-03,6,10,2024,202403,20240310,Mar,Sun,False,False,True
2024-03-11,2024,3,11,1,2024-03,0,11,2024,202403,20240311,Mar,Mon,False,False,False
2024-03-12,2024,3,12,1,2024-03,1,11,2024,202403,20240312,Mar,Tue,False,False,False
2024-03-13,2024,3,13,1,2024-03,2,11,2024,202403,20240313,Mar,Wed,False,False,False
2024-03-14,2024,3,14,1,2024-03,3,11,2024,202403,20240314,Mar,Thu,False,False,False
2024-03-15,2024,3,15,1,2024-03,4,11,2024,202403,20240315,Mar,Fri,False,False,False
2024-03-16,2024,3,16,1,2024-03,5,11,2024,202403,20240316,Mar,Sat,False,False,True
2024-03-17,2024,3,17,1,2024-03,6,11,2024,202403,20240317,Mar,Sun,False,False,True
2024-03-18,2024,3,18,1,2024-03,0,12,2024,202403,20240318,Mar,Mon,False,False,False
2024-03-19,2024,3,19,1,2024-03,1,12,2024,202403,20240319,Mar,Tue,False,False,False
2024-03-20,2024,3,20,1,2024-03,2,12,2024,202403,20240320,Mar,Wed,False,False,False
2024-03-21,2024,3,21,1,2024-03,3,12,2024,202403,20240321,Mar,Thu,False,False,False
2024-03-22,2024,3,22,1,2024-03,4,12,2024,202403,20240322,Mar,Fri,False,False,False
2024-03-23,2024,3,23,1,2024-03,5,12,2024,202403,20240323,Mar,Sat,False,False,True
2024-03-24,2024,3,24,1,2024-03,6,12,2024,202403,20240324,Mar,Sun,False,False,True
2024-03-25,2024,3,25,1,2024-03,0,13,2024,202403,20240325,Mar,Mon,False,False,False
2024-03-26,2024,3,26,1,2024-03,1,13,2024,202403,20240326,Mar,Tue,False,False,False
2024-03-27,2024,3,27,1,2024-03,2,13,2024,202403,20240327,Mar,Wed,False,False,False
2024-03-28,2024,3,28,1,2024-03,3,13,2024,202403,20240328,Mar,Thu,False,False,False
2024-03-29,2024,3,29,1,2024-03,4,13,2024,202403,20240329,Mar,Fri,False,False,False
2024-03-30,2024,3,30,1,2024-03,5,13,2024,202403,20240330,Mar,Sat,False,False,True
2024-03-31,2024,3,31,1,2024-03,6,13,2024,202403,20240331,Mar,Sun,False,True,True
2024-04-01,2024,4,1,2,2024-04,0,14,2024,202404,20240401,Apr,Mon,True,False,False
2024-04-02,2024,4,2,2,2024-04,1,14,2024,202404,20240402,Apr,Tue,False,False,False
2024-04-03,2024,4,3,2,2024-04,2,14,2024,202404,20240403,Apr,Wed,False,False,False
2024-04-04,2024,4,4,2,2024-04,3,14,2024,202404,20240404,Apr,Thu,False,False,False
2024-04-05,2024,4,5,2,2024-04,4,14,2024,202404,20240405,Apr,Fri,False,False,False
2024-04-06,2024,4,6,2,2024-04,5,14,2024,202404,20240406,Apr,Sat,False,False,True
2024-04-07,2024,4,7,2,2024-04,6,14,2024,202404,20240407,Apr,Sun,False,False,True
2024-04-08,2024,4,8,2,2024-04,0,15,2024,202404,20240408,Apr,Mon,False,False,False
2024-04-09,2024,4,9,2,2024-04,1,15,2024,202404,20240409,Apr,Tue,False,False,False
2024-04-10,2024,4,10,2,2024-04,2,15,2024,202404,20240410,Apr,Wed,False,False,False
2024-04-11,2024,4,11,2,2024-04,3,15,2024,202404,20240411,Apr,Thu,False,False,False
2024-04-12,2024,4,12,2,2024-04,4,15,2024,202404,20240412,Apr,Fri,False,False,False
2024-04-13,2024,4,13,2,2024-04,5,15,2024,202404,20240413,Apr,Sat,False,False,True
2024-04-14,2024,4,14,2,2024-04,6,15,2024,202404,20240414,Apr,Sun,False,False,True
2024-04-15,2024,4,15,2,2024-04,0,16,2024,202404,20240415,Apr,Mon,False,False,False
2024-04-16,2024,4,16,2,2024-04,1,16,2024,202404,20240416,Apr,Tue,False,False,False
2024-04-17,2024,4,17,2,2024-04,2,16,2024,202404,20240417,Apr,Wed,False,False,False
2024-04-18,2024,4,18,2,2024-04,3,16,2024,202404,20240418,Apr,Thu,False,False,False
2024-04-19,2024,4,19,2,2024-04,4,16,2024,202404,20240419,Apr,Fri,False,False,False
2024-04-20,2024,4,20,2,2024-04,5,16,2024,202404,20240420,Apr,Sat,False,False,True
2024-04-21,2024,4,21,2,2024-04,6,16,2024,202404,20240421,Apr,Sun,False,False,True
2024-04-22,2024,4,22,2,2024-04,0,17,2024,202404,20240422,Apr,Mon,False,False,False
2024-04-23,2024,4,23,2,2024-04,1,17,2024,202404,20240423,Apr,Tue,False,False,False
2024-04-24,2024,4,24,2,2024-04,2,17,2024,202404,20240424,Apr,Wed,False,False,False
2024-04-25,2024,4,25,2,2024-04,3,17,2024,202404,20240425,Apr,Thu,False,False,False
2024-04-26,2024,4,26,2,2024-04,4,17,2024,202404,20240426,Apr,Fri,False,False,False
2024-04-27,2024,4,27,2,2024-04,5,17,2024,202404,20240427,Apr,Sat,False,False,True
2024-04-28,2024,4,28,2,2024-04,6,17,2024,202404,20240428,Apr,Sun,False,False,True
2024-04-29,2024,4,29,2,2024-04,0,18,2024,202404,20240429,Apr,Mon,False,False,False
2024-04-30,2024,4,30,2,2024-04,1,18,2024,202404,20240430,Apr,Tue,False,True,False
2024-05-01,2024,5,1,2,2024-05,2,18,2024,202405,20240501,May,Wed,True,False,False
2024-05-02,2024,5,2,2,2024-05,3,18,2024,202405,20240502,May,Thu,False,False,False
2024-05-03,2024,5,3,2,2024-05,4,18,2024,202405,20240503,May,Fri,False,False,False
2024-05-04,2024,5,4,2,2024-05,5,18,2024,202405,20240504,May,Sat,False,False,True
2024-05-05,2024,5,5,2,2024-05,6,18,2024,202405,20240505,May,Sun,False,False,True
2024-05-06,2024,5,6,2,2024-05,0,19,2024,202405,20240506,May,Mon,False,False,False
2024-05-07,2024,5,7,2,2024-05,1,19,2024,202405,20240507,May,Tue,False,False,False
2024-05-08,2024,5,8,2,2024-05,2,19,2024,202405,20240508,May,Wed,False,False,False
2024-05-09,2024,5,9,2,2024-05,3,19,2024,202405,20240509,May,Thu,False,False,False
2024-05-10,2024,5,10,2,2024-05,4,19,2024,202405,20240510,May,Fri,False,False,False
2024-05-11,2024,5,11,2,2024-05,5,19,2024,202405,20240511,May,Sat,False,False,True
2024-05-12,2024,5,12,2,2024-05,6,19,2024,202405,20240512,May,Sun,False,False,True
2024-05-13,2024,5,13,2,2024-05,0,20,2024,202405,20240513,May,Mon,False,False,False
2024-05-14,2024,5,14,2,2024-05,1,20,2024,202405,20240514,May,Tue,False,False,False
2024-05-15,2024,5,15,2,2024-05,2,20,2024,202405,20240515,May,Wed,False,False,False
2024-05-16,2024,5,16,2,2024-05,3,20,2024,202405,20240516,May,Thu,False,False,False
2024-05-17,2024,5,17,2,2024-05,4,20,2024,202405,20240517,May,Fri,False,False,False
2024-05-18,2024,5,18,2,2024-05,5,20,2024,202405,20240518,May,Sat,False,False,True
2024-05-19,2024,5,19,2,2024-05,6,20,2024,202405,20240519,May,Sun,False,False,True
2024-05-20,2024,5,20,2,2024-05,0,21,2024,202405,20240520,May,Mon,False,False,False
2024-05-21,2024,5,21,2,2024-05,1,21,2024,202405,20240521,May,Tue,False,False,False
2024-05-22,2024,5,22,2,2024-05,2,21,2024,202405,20240522,May,Wed,False,False,False
2024-05-23,2024,5,23,2,2024-05,3,21,2024,202405,20240523,May,Thu,False,False,False
2024-05-24,2024,5,24,2,2024-05,4,21,2024,202405,20240524,May,Fri,False,False,False
2024-05-25,2024,5,25,2,2024-05,5,21,2024,202405,20240525,May,Sat,False,False,True
2024-05-26,2024,5,26,2,2024-05,6,21,2024,202405,20240526,May,Sun,False,False,True
2024-05-27,2024,5,27,2,2024-05,0,22,2024,202405,20240527,May,Mon,False,False,False
2024-05-28,2024,5,28,2,2024-05,1,22,2024,202405,20240528,May,Tue,False,False,False
2024-05-29,2024,5,29,2,2024-05,2,22,2024,202405,20240529,May,Wed,False,False,False
2024-05-30,2024,5,30,2,2024-05,3,22,2024,202405,20240530,May,Thu,False,False,False
2024-05-31,2024,5,31,2,2024-05,4,22,2024,202405,20240531,May,Fri,False,True,False
2024-06-01,2024,6,1,2,2024-06,5,22,2024,202406,20240601,Jun,Sat,True,False,True
2024-06-02,2024,6,2,2,2024-06,6,22,2024,202406,20240602,Jun,Sun,False,False,True
2024-06-03,2024,6,3,2,2024-06,0,23,2024,202406,20240603,Jun,Mon,False,False,False
2024-06-04,2024,6,4,2,2024-06,1,23,2024,202406,20240604,Jun,Tue,False,False,False
2024-06-05,2024,6,5,2,2024-06,2,23,2024,202406,20240605,Jun,Wed,False,False,False
2024-06-06,2024,6,6,2,2024-06,3,23,2024,202406,20240606,Jun,Thu,False,False,False
2024-06-07,2024,6,7,2,2024-06,4,23,2024,202406,20240607,Jun,Fri,False,False,False
2024-06-08,2024,6,8,2,2024-06,5,23,2024,202406,20240608,Jun,Sat,False,False,True
2024-06-09,2024,6,9,2,2024-06,6,23,2024,202406,20240609,Jun,Sun,False,False,True
2024-06-10,2024,6,10,2,2024-06,0,24,2024,202406,20240610,Jun,Mon,False,False,False
2024-06-11,2024,6,11,2,2024-06,1,24,2024,202406,20240611,Jun,Tue,False,False,False
2024-06-12,2024,6,12,2,2024-06,2,24,2024,202406,20240612,Jun,Wed,False,False,False
2024-06-13,2024,6,13,2,2024-06,3,24,2024,202406,20240613,Jun,Thu,False,False,False
2024-06-14,2024,6,14,2,2024-06,4,24,2024,202406,20240614,Jun,Fri,False,False,False
2024-06-15,2024,6,15,2,2024-06,5,24,2024,202406,20240615,Jun,Sat,False,False,True
2024-06-16,2024,6,16,2,2024-06,6,24,2024,202406,20240616,Jun,Sun,False,False,True
2024-06-17,2024,6,17,2,2024-06,0,25,2024,202406,20240617,Jun,Mon,False,False,False
2024-06-18,2024,6,18,2,2024-06,1,25,2024,202406,20240618,Jun,Tue,False,False,False
2024-06-19,2024,6,19,2,2024-06,2,25,2024,202406,20240619,Jun,Wed,False,False,False
2024-06-20,2024,6,20,2,2024-06,3,25,2024,202406,20240620,Jun,Thu,False,False,False
2024-06-21,2024,6,21,2,2024-06,4,25,2024,202406,20240621,Jun,Fri,False,False,False
2024-06-22,2024,6,22,2,2024-06,5,25,2024,202406,20240622,Jun,Sat,False,False,True
2024-06-23,2024,6,23,2,2024-06,6,25,2024,202406,20240623,Jun,Sun,False,False,True
2024-06-24,2024,6,24,2,2024-06,0,26,2024,202406,20240624,Jun,Mon,False,False,False
2024-06-25,2024,6,25,2,2024-06,1,26,2024,202406,20240625,Jun,Tue,False,False,False
2024-06-26,2024,6,26,2,2024-06,2,26,2024,202406,20240626,Jun,Wed,False,False,False
2024-06-27,2024,6,27,2,2024-06,3,26,2024,202406,20240627,Jun,Thu,False,False,False
2024-06-28,2024,6,28,2,2024-06,4,26,2024,202406,20240628,Jun,Fri,False,False,False
2024-06-29,2024,6,29,2,2024-06,5,26,2024,202406,20240629,Jun,Sat,False,False,True
2024-06-30,2024,6,30,2,2024-06,6,26,2024,202406,20240630,Jun,Sun,False,True,True
2024-07-01,2024,7,1,3,2024-07,0,27,2024,202407,20240701,Jul,Mon,True,False,False
2024-07-02,2024,7,2,3,2024-07,1,27,2024,202407,20240702,Jul,Tue,False,False,False
2024-07-03,2024,7,3,3,2024-07,2,27,2024,202407,20240703,Jul,Wed,False,False,False
2024-07-04,2024,7,4,3,2024-07,3,27,2024,202407,20240704,Jul,Thu,False,False,False
2024-07-05,2024,7,5,3,2024-07,4,27,2024,202407,20240705,Jul,Fri,False,False,False
2024-07-06,2024,7,6,3,2024-07,5,27,2024,202407,20240706,Jul,Sat,False,False,True
2024-07-07,2024,7,7,3,2024-07,6,27,2024,202407,20240707,Jul,Sun,False,False,True
2024-07-08,2024,7,8,3,2024-07,0,28,2024,202407,20240708,Jul,Mon,False,False,False
2024-07-09,2024,7,9,3,2024-07,1,28,2024,202407,20240709,Jul,Tue,False,False,False
2024-07-10,2024,7,10,3,2024-07,2,28,2024,202407,20240710,Jul,Wed,False,False,False
2024-07-11,2024,7,11,3,2024-07,3,28,2024,202407,20240711,Jul,Thu,False,False,False
2024-07-12,2024,7,12,3,2024-07,4,28,2024,202407,20240712,Jul,Fri,False,False,False
2024-07-13,2024,7,13,3,2024-07,5,28,2024,202407,20240713,Jul,Sat,False,False,True
2024-07-14,2024,7,14,3,2024-07,6,28,2024,202407,20240714,Jul,Sun,False,False,True
2024-07-15,2024,7,15,3,2024-07,0,29,2024,202407,20240715,Jul,Mon,False,False,False
2024-07-16,2024,7,16,3,2024-07,1,29,2024,202407,20240716,Jul,Tue,False,False,False
2024-07-17,2024,7,17,3,2024-07,2,29,2024,202407,20240717,Jul,Wed,False,False,False
2024-07-18,2024,7,18,3,2024-07,3,29,2024,202407,20240718,Jul,Thu,False,False,False
2024-07-19,2024,7,19,3,2024-07,4,29,2024,202407,20240719,Jul,Fri,False,False,False
2024-07-20,2024,7,20,3,2024-07,5,29,2024,202407,20240720,Jul,Sat,False,False,True
2024-07-21,2024,7,21,3,2024-07,6,29,2024,202407,20240721,Jul,Sun,False,False,True
2024-07-22,2024,7,22,3,2024-07,0,30,2024,202407,20240722,Jul,Mon,False,False,False
2024-07-23,2024,7,23,3,2024-07,1,30,2024,202407,20240723,Jul,Tue,False,False,False
2024-07-24,2024,7,24,3,2024-07,2,30,2024,202407,20240724,Jul,Wed,False,False,False
2024-07-25,2024,7,25,3,2024-07,3,30,2024,202407,20240725,Jul,Thu,False,False,False
2024-07-26,2024,7,26,3,2024-07,4,30,2024,202407,20240726,Jul,Fri,False,False,False
2024-07-27,2024,7,27,3,2024-07,5,30,2024,202407,20240727,Jul,Sat,False,False,True
2024-07-28,2024,7,28,3,2024-07,6,30,2024,202407,20240728,Jul,Sun,False,False,True
2024-07-29,2024,7,29,3,2024-07,0,31,2024,202407,20240729,Jul,Mon,False,False,False
2024-07-30,2024,7,30,3,2024-07,1,31,2024,202407,20240730,Jul,Tue,False,False,False
2024-07-31,2024,7,31,3,2024-07,2,31,2024,202407,20240731,Jul,Wed,False,True,False
2024-08-01,2024,8,1,3,2024-08,3,31,2024,202408,20240801,Aug,Thu,True,False,False
2024-08-02,2024,8,2,3,2024-08,4,31,2024,202408,20240802,Aug,Fri,False,False,False
2024-08-03,2024,8,3,3,2024-08,5,31,2024,202408,20240803,Aug,Sat,False,False,True
2024-08-04,2024,8,4,3,2024-08,6,31,2024,202408,20240804,Aug,Sun,False,False,True
2024-08-05,2024,8,5,3,2024-08,0,32,2024,202408,20240805,Aug,Mon,False,False,False
2024-08-06,2024,8,6,3,2024-08,1,32,2024,202408,20240806,Aug,Tue,False,False,False
2024-08-07,2024,8,7,3,2024-08,2,32,2024,202408,20240807,Aug,Wed,False,False,False
2024-08-08,2024,8,8,3,2024-08,3,32,2024,202408,20240808,Aug,Thu,False,False,False
2024-08-09,2024,8,9,3,2024-08,4,32,2024,202408,20240809,Aug,Fri,False,False,False
2024-08-10,2024,8,10,3,2024-08,5,32,2024,202408,20240810,Aug,Sat,False,False,True
2024-08-11,2024,8,11,3,2024-08,6,32,2024,202408,20240811,Aug,Sun,False,False,True
2024-08-12,2024,8,12,3,2024-08,0,33,2024,202408,20240812,Aug,Mon,False,False,False
2024-08-13,2024,8,13,3,2024-08,1,33,2024,202408,20240813,Aug,Tue,False,False,False
2024-08-14,2024,8,14,3,2024-08,2,33,2024,202408,20240814,Aug,Wed,False,False,False
2024-08-15,2024,8,15,3,2024-08,3,33,2024,202408,20240815,Aug,Thu,False,False,False
2024-08-16,2024,8,16,3,2024-08,4,33,2024,202408,20240816,Aug,Fri,False,False,False
2024-08-17,2024,8,17,3,2024-08,5,33,2024,202408,20240817,Aug,Sat,False,False,True
2024-08-18,2024,8,18,3,2024-08,6,33,2024,202408,20240818,Aug,Sun,False,False,True
2024-08-19,2024,8,19,3,2024-08,0,34,2024,202408,20240819,Aug,Mon,False,False,False
2024-08-20,2024,8,20,3,2024-08,1,34,2024,202408,20240820,Aug,Tue,False,False,False
2024-08-21,2024,8,21,3,2024-08,2,34,2024,202408,20240821,Aug,Wed,False,False,False
2024-08-22,2024,8,22,3,2024-08,3,34,2024,202408,20240822,Aug,Thu,False,False,False
2024-08-23,2024,8,23,3,2024-08,4,34,2024,202408,20240823,Aug,Fri,False,False,False
2024-08-24,2024,8,24,3,2024-08,5,34,2024,202408,20240824,Aug,Sat,False,False,True
2024-08-25,2024,8,25,3,2024-08,6,34,2024,202408,20240825,Aug,Sun,False,False,True
2024-08-26,2024,8,26,3,2024-08,0,35,2024,202408,20240826,Aug,Mon,False,False,False
2024-08-27,2024,8,27,3,2024-08,1,35,2024,202408,20240827,Aug,Tue,False,False,False
2024-08-28,2024,8,28,3,2024-08,2,35,2024,202408,20240828,Aug,Wed,False,False,False
2024-08-29,2024,8,29,3,2024-08,3,35,2024,202408,20240829,Aug,Thu,False,False,False
2024-08-30,2024,8,30,3,2024-08,4,35,2024,202408,20240830,Aug,Fri,False,False,False
2024-08-31,2024,8,31,3,2024-08,5,35,2024,202408,20240831,Aug,Sat,False,True,True
2024-09-01,2024,9,1,3,2024-09,6,35,2024,202409,20240901,Sep,Sun,True,False,True
2024-09-02,2024,9,2,3,2024-09,0,36,2024,202409,20240902,Sep,Mon,False,False,False
2024-09-03,2024,9,3,3,2024-09,1,36,2024,202409,20240903,Sep,Tue,False,False,False
2024-09-04,2024,9,4,3,2024-09,2,36,2024,202409,20240904,Sep,Wed,False,False,False
2024-09-05,2024,9,5,3,2024-09,3,36,2024,202409,20240905,Sep,Thu,False,False,False
2024-09-06,2024,9,6,3,2024-09,4,36,2024,202409,20240906,Sep,Fri,False,False,False
2024-09-07,2024,9,7,3,2024-09,5,36,2024,202409,20240907,Sep,Sat,False,False,True
2024-09-08,2024,9,8,3,2024-09,6,36,2024,202409,20240908,Sep,Sun,False,False,True
2024-09-09,2024,9,9,3,2024-09,0,37,2024,202409,20240909,Sep,Mon,False,False,False
2024-09-10,2024,9,10,3,2024-09,1,37,2024,202409,20240910,Sep,Tue,False,False,False
2024-09-11,2024,9,11,3,2024-09,2,37,2024,202409,20240911,Sep,Wed,False,False,False
2024-09-12,2024,9,12,3,2024-09,3,37,2024,202409,20240912,Sep,Thu,False,False,False
2024-09-13,2024,9,13,3,2024-09,4,37,2024,202409,20240913,Sep,Fri,False,False,False
2024-09-14,2024,9,14,3,2024-09,5,37,2024,202409,20240914,Sep,Sat,False,False,True
2024-09-15,2024,9,15,3,2024-09,6,37,2024,202409,20240915,Sep,Sun,False,False,True
2024-09-16,2024,9,16,3,2024-09,0,38,2024,202409,20240916,Sep,Mon,False,False,False
2024-09-17,2024,9,17,3,2024-09,1,38,2024,202409,20240917,Sep,Tue,False,False,False
2024-09-18,2024,9,18,3,2024-09,2,38,2024,202409,20240918,Sep,Wed,False,False,False
2024-09-19,2024,9,19,3,2024-09,3,38,2024,202409,20240919,Sep,Thu,False,False,False
2024-09-20,2024,9,20,3,2024-09,4,38,2024,202409,20240920,Sep,Fri,False,False,False
2024-09-21,2024,9,21,3,2024-09,5,38,2024,202409,20240921,Sep,Sat,False,False,True
2024-09-22,2024,9,22,3,2024-09,6,38,2024,202409,20240922,Sep,Sun,False,False,True
2024-09-23,2024,9,23,3,2024-09,0,39,2024,202409,20240923,Sep,Mon,False,False,False
2024-09-24,2024,9,24,3,2024-09,1,39,2024,202409,20240924,Sep,Tue,False,False,False
2024-09-25,2024,9,25,3,2024-09,2,39,2024,202409,20240925,Sep,Wed,False,False,False
2024-09-26,2024,9,26,3,2024-09,3,39,2024,202409,20240926,Sep,Thu,False,False,False
2024-09-27,2024,9,27,3,2024-09,4,39,2024,202409,20240927,Sep,Fri,False,False,False
2024-09-28,2024,9,28,3,2024-09,5,39,2024,202409,20240928,Sep,Sat,False,False,True
2024-09-29,2024,9,29,3,2024-09,6,39,2024,202409,20240929,Sep,Sun,False,False,True
2024-09-30,2024,9,30,3,2024-09,0,40,2024,202409,20240930,Sep,Mon,False,True,False
2024-10-01,2024,10,1,4,2024-10,1,40,2024,202410,20241001,Oct,Tue,True,False,False
2024-10-02,2024,10,2,4,2024-10,2,40,2024,202410,20241002,Oct,Wed,False,False,False
2024-10-03,2024,10,3,4,2024-10,3,40,2024,202410,20241003,Oct,Thu,False,False,False
2024-10-04,2024,10,4,4,2024-10,4,40,2024,202410,20241004,Oct,Fri,False,False,False
2024-10-05,2024,10,5,4,2024-10,5,40,2024,202410,20241005,Oct,Sat,False,False,True
2024-10-06,2024,10,6,4,2024-10,6,40,2024,202410,20241006,Oct,Sun,False,False,True
2024-10-07,2024,10,7,4,2024-10,0,41,2024,202410,20241007,Oct,Mon,False,False,False
2024-10-08,2024,10,8,4,2024-10,1,41,2024,202410,20241008,Oct,Tue,False,False,False
2024-10-09,2024,10,9,4,2024-10,2,41,2024,202410,20241009,Oct,Wed,False,False,False
2024-10-10,2024,10,10,4,2024-10,3,41,2024,202410,20241010,Oct,Thu,False,False,False
2024-10-11,2024,10,11,4,2024-10,4,41,2024,202410,20241011,Oct,Fri,False,False,False
2024-10-12,2024,10,12,4,2024-10,5,41,2024,202410,20241012,Oct,Sat,False,False,True
2024-10-13,2024,10,13,4,2024-10,6,41,2024,202410,20241013,Oct,Sun,False,False,True
2024-10-14,2024,10,14,4,2024-10,0,42,2024,202410,20241014,Oct,Mon,False,False,False
2024-10-15,2024,10,15,4,2024-10,1,42,2024,202410,20241015,Oct,Tue,False,False,False
2024-10-16,2024,10,16,4,2024-10,2,42,2024,202410,20241016,Oct,Wed,False,False,False
2024-10-17,2024,10,17,4,2024-10,3,42,2024,202410,20241017,Oct,Thu,False,False,False
2024-10-18,2024,10,18,4,2024-10,4,42,2024,202410,20241018,Oct,Fri,False,False,False
2024-10-19,2024,10,19,4,2024-10,5,42,2024,202410,20241019,Oct,Sat,False,False,True
2024-10-20,2024,10,20,4,2024-10,6,42,2024,202410,20241020,Oct,Sun,False,False,True
2024-10-21,2024,10,21,4,2024-10,0,43,2024,202410,20241021,Oct,Mon,False,False,False
2024-10-22,2024,10,22,4,2024-10,1,43,2024,202410,20241022,Oct,Tue,False,False,False
2024-10-23,2024,10,23,4,2024-10,2,43,2024,202410,20241023,Oct,Wed,False,False,False
2024-10-24,2024,10,24,4,2024-10,3,43,2024,202410,20241024,Oct,Thu,False,False,False
2024-10-25,2024,10,25,4,2024-10,4,43,2024,202410,20241025,Oct,Fri,False,False,False
2024-10-26,2024,10,26,4,2024-10,5,43,2024,202410,20241026,Oct,Sat,False,False,True
2024-10-27,2024,10,27,4,2024-10,6,43,2024,202410,20241027,Oct,Sun,False,False,True
2024-10-28,2024,10,28,4,2024-10,0,44,2024,202410,20241028,Oct,Mon,False,False,False
2024-10-29,2024,10,29,4,2024-10,1,44,2024,202410,20241029,Oct,Tue,False,False,False
2024-10-30,2024,10,30,4,2024-10,2,44,2024,202410,20241030,Oct,Wed,False,False,False
2024-10-31,2024,10,31,4,2024-10,3,44,2024,202410,20241031,Oct,Thu,False,True,False
2024-11-01,2024,11,1,4,2024-11,4,44,2024,202411,20241101,Nov,Fri,True,False,False
2024-11-02,2024,11,2,4,2024-11,5,44,2024,202411,20241102,Nov,Sat,False,False,True
2024-11-03,2024,11,3,4,2024-11,6,44,2024,202411,20241103,Nov,Sun,False,False,True
2024-11-04,2024,11,4,4,2024-11,0,45,2024,202411,20241104,Nov,Mon,False,False,False
2024-11-05,2024,11,5,4,2024-11,1,45,2024,202411,20241105,Nov,Tue,False,False,False
2024-11-06,2024,11,6,4,2024-11,2,45,2024,202411,20241106,Nov,Wed,False,False,False
2024-11-07,2024,11,7,4,2024-11,3,45,2024,202411,20241107,Nov,Thu,False,False,False
2024-11-08,2024,11,8,4,2024-11,4,45,2024,202411,20241108,Nov,Fri,False,False,False
2024-11-09,2024,11,9,4,2024-11,5,45,2024,202411,20241109,Nov,Sat,False,False,True
2024-11-10,2024,11,10,4,2024-11,6,45,2024,202411,20241110,Nov,Sun,False,False,True
2024-11-11,2024,11,11,4,2024-11,0,46,2024,202411,20241111,Nov,Mon,False,False,False
2024-11-12,2024,11,12,4,2024-11,1,46,2024,202411,20241112,Nov,Tue,False,False,False
2024-11-13,2024,11,13,4,2024-11,2,46,2024,202411,20241113,Nov,Wed,False,False,False
2024-11-14,2024,11,14,4,2024-11,3,46,2024,202411,20241114,Nov,Thu,False,False,False
2024-11-15,2024,11,15,4,2024-11,4,46,2024,202411,20241115,Nov,Fri,False,False,False
2024-11-16,2024,11,16,4,2024-11,5,46,2024,202411,20241116,Nov,Sat,False,False,True
2024-11-17,2024,11,17,4,2024-11,6,46,2024,202411,20241117,Nov,Sun,False,False,True
2024-11-18,2024,11,18,4,2024-11,0,47,2024,202411,20241118,Nov,Mon,False,False,False
2024-11-19,2024,11,19,4,2024-11,1,47,2024,202411,20241119,Nov,Tue,False,False,False
2024-11-20,2024,11,20,4,2024-11,2,47,2024,202411,20241120,Nov,Wed,False,False,False
2024-11-21,2024,11,21,4,2024-11,3,47,2024,202411,20241121,Nov,Thu,False,False,False
2024-11-22,2024,11,22,4,2024-11,4,47,2024,202411,20241122,Nov,Fri,False,False,False
2024-11-23,2024,11,23,4,2024-11,5,47,2024,202411,20241123,Nov,Sat,False,False,True
2024-11-24,2024,11,24,4,2024-11,6,47,2024,202411,20241124,Nov,Sun,False,False,True
2024-11-25,2024,11,25,4,2024-11,0,48,2024,202411,20241125,Nov,Mon,False,False,False
2024-11-26,2024,11,26,4,2024-11,1,48,2024,202411,20241126,Nov,Tue,False,False,False
2024-11-27,2024,11,27,4,2024-11,2,48,2024,202411,20241127,Nov,Wed,False,False,False
2024-11-28,2024,11,28,4,2024-11,3,48,2024,202411,20241128,Nov,Thu,False,False,False
2024-11-29,2024,11,29,4,2024-11,4,48,2024,202411,20241129,Nov,Fri,False,False,False
2024-11-30,2024,11,30,4,2024-11,5,48,2024,202411,20241130,Nov,Sat,False,True,True
2024-12-01,2024,12,1,4,2024-12,6,48,2024,202412,20241201,Dec,Sun,True,False,True
2024-12-02,2024,12,2,4,2024-12,0,49,2024,202412,20241202,Dec,Mon,False,False,False
2024-12-03,2024,12,3,4,2024-12,1,49,2024,202412,20241203,Dec,Tue,False,False,False
2024-12-04,2024,12,4,4,2024-12,2,49,2024,202412,20241204,Dec,Wed,False,False,False
2024-12-05,2024,12,5,4,2024-12,3,49,2024,202412,20241205,Dec,Thu,False,False,False
2024-12-06,2024,12,6,4,2024-12,4,49,2024,202412,20241206,Dec,Fri,False,False,False
2024-12-07,2024,12,7,4,2024-12,5,49,2024,202412,20241207,Dec,Sat,False,False,True
2024-12-08,2024,12,8,4,2024-12,6,49,2024,202412,20241208,Dec,Sun,False,False,True
2024-12-09,2024,12,9,4,2024-12,0,50,2024,202412,20241209,Dec,Mon,False,False,False
2024-12-10,2024,12,10,4,2024-12,1,50,2024,202412,20241210,Dec,Tue,False,False,False
2024-12-11,2024,12,11,4,2024-12,2,50,2024,202412,20241211,Dec,Wed,False,False,False
2024-12-12,2024,12,12,4,2024-12,3,50,2024,202412,20241212,Dec,Thu,False,False,False
2024-12-13,2024,12,13,4,2024-12,4,50,2024,202412,20241213,Dec,Fri,False,False,False
2024-12-14,2024,12,14,4,2024-12,5,50,2024,202412,20241214,Dec,Sat,False,False,True
2024-12-15,2024,12,15,4,2024-12,6,50,2024,202412,20241215,Dec,Sun,False,False,True
2024-12-16,2024,12,16,4,2024-12,0,51,2024,202412,20241216,Dec,Mon,False,False,False
2024-12-17,2024,12,17,4,2024-12,1,51,2024,202412,20241217,Dec,Tue,False,False,False
2024-12-18,2024,12,18,4,2024-12,2,51,2024,202412,20241218,Dec,Wed,False,False,False
2024-12-19,2024,12,19,4,2024-12,3,51,2024,202412,20241219,Dec,Thu,False,False,False
2024-12-20,2024,12,20,4,2024-12,4,51,2024,202412,20241220,Dec,Fri,False,False,False
2024-12-21,2024,12,21,4,2024-12,5,51,2024,202412,20241221,Dec,Sat,False,False,True
2024-12-22,2024,12,22,4,2024-12,6,51,2024,202412,20241222,Dec,Sun,False,False,True
2024-12-23,2024,12,23,4,2024-12,0,52,2024,202412,20241223,Dec,Mon,False,False,False
2024-12-24,2024,12,24,4,2024-12,1,52,2024,202412,20241224,Dec,Tue,False,False,False
2024-12-25,2024,12,25,4,2024-12,2,52,2024,202412,20241225,Dec,Wed,False,False,False
2024-12-26,2024,12,26,4,2024-12,3,52,2024,202412,20241226,Dec,Thu,False,False,False
2024-12-27,2024,12,27,4,2024-12,4,52,2024,202412,20241227,Dec,Fri,False,False,False
2024-12-28,2024,12,28,4,2024-12,5,52,2024,202412,20241228,Dec,Sat,False,False,True
2024-12-29,2024,12,29,4,2024-12,6,52,2024,202412,20241229,Dec,Sun,False,False,True
2024-12-30,2024,12,30,4,2024-12,0,1,2025,202412,20241230,Dec,Mon,False,False,False
2024-12-31,2024,12,31,4,2024-12,1,1,2025,202412,20241231,Dec,Tue,False,True,False
2025-01-01,2025,1,1,1,2025-01,2,1,2025,202501,20250101,Jan,Wed,True,False,False
2025-01-02,2025,1,2,1,2025-01,3,1,2025,202501,20250102,Jan,Thu,False,False,False
2025-01-03,2025,1,3,1,2025-01,4,1,2025,202501,20250103,Jan,Fri,False,False,False
2025-01-04,2025,1,4,1,2025-01,5,1,2025,202501,20250104,Jan,Sat,False,False,True
2025-01-05,2025,1,5,1,2025-01,6,1,2025,202501,20250105,Jan,Sun,False,False,True
2025-01-06,2025,1,6,1,2025-01,0,2,2025,202501,20250106,Jan,Mon,False,False,False
2025-01-07,2025,1,7,1,2025-01,1,2,2025,202501,20250107,Jan,Tue,False,False,False
2025-01-08,2025,1,8,1,2025-01,2,2,2025,202501,20250108,Jan,Wed,False,False,False
2025-01-09,2025,1,9,1,2025-01,3,2,2025,202501,20250109,Jan,Thu,False,False,False
2025-01-10,2025,1,10,1,2025-01,4,2,2025,202501,20250110,Jan,Fri,False,False,False
2025-01-11,2025,1,11,1,2025-01,5,2,2025,202501,20250111,Jan,Sat,False,False,True
2025-01-12,2025,1,12,1,2025-01,6,2,2025,202501,20250112,Jan,Sun,False,False,True
2025-01-13,2025,1,13,1,2025-01,0,3,2025,202501,20250113,Jan,Mon,False,False,False
2025-01-14,2025,1,14,1,2025-01,1,3,2025,202501,20250114,Jan,Tue,False,False,False
2025-01-15,2025,1,15,1,2025-01,2,3,2025,202501,20250115,Jan,Wed,False,False,False
2025-01-16,2025,1,16,1,2025-01,3,3,2025,202501,20250116,Jan,Thu,False,False,False
2025-01-17,2025,1,17,1,2025-01,4,3,2025,202501,20250117,Jan,Fri,False,False,False
2025-01-18,2025,1,18,1,2025-01,5,3,2025,202501,20250118,Jan,Sat,False,False,True
2025-01-19,2025,1,19,1,2025-01,6,3,2025,202501,20250119,Jan,Sun,False,False,True
2025-01-20,2025,1,20,1,2025-01,0,4,2025,202501,20250120,Jan,Mon,False,False,False
2025-01-21,2025,1,21,1,2025-01,1,4,2025,202501,20250121,Jan,Tue,False,False,False
2025-01-22,2025,1,22,1,2025-01,2,4,2025,202501,20250122,Jan,Wed,False,False,False
2025-01-23,2025,1,23,1,2025-01,3,4,2025,202501,20250123,Jan,Thu,False,False,False
2025-01-24,2025,1,24,1,2025-01,4,4,2025,202501,20250124,Jan,Fri,False,False,False
2025-01-25,2025,1,25,1,2025-01,5,4,2025,202501,20250125,Jan,Sat,False,False,True
2025-01-26,2025,1,26,1,2025-01,6,4,2025,202501,20250126,Jan,Sun,False,False,True
2025-01-27,2025,1,27,1,2025-01,0,5,2025,202501,20250127,Jan,Mon,False,False,False
2025-01-28,2025,1,28,1,2025-01,1,5,2025,202501,20250128,Jan,Tue,False,False,False
2025-01-29,2025,1,29,1,2025-01,2,5,2025,202501,20250129,Jan,Wed,False,False,False
2025-01-30,2025,1,30,1,2025-01,3,5,2025,202501,20250130,Jan,Thu,False,False,False
2025-01-31,2025,1,31,1,2025-01,4,5,2025,202501,20250131,Jan,Fri,False,True,False
2025-02-01,2025,2,1,1,2025-02,5,5,2025,202502,20250201,Feb,Sat,True,False,True
2025-02-02,2025,2,2,1,2025-02,6,5,2025,202502,20250202,Feb,Sun,False,False,True
2025-02-03,2025,2,3,1,2025-02,0,6,2025,202502,20250203,Feb,Mon,False,False,False
2025-02-04,2025,2,4,1,2025-02,1,6,2025,202502,20250204,Feb,Tue,False,False,False
2025-02-05,2025,2,5,1,2025-02,2,6,2025,202502,20250205,Feb,Wed,False,False,False
2025-02-06,2025,2,6,1,2025-02,3,6,2025,202502,20250206,Feb,Thu,False,False,False
2025-02-07,2025,2,7,1,2025-02,4,6,2025,202502,20250207,Feb,Fri,False,False,False
2025-02-08,2025,2,8,1,2025-02,5,6,2025,202502,20250208,Feb,Sat,False,False,True
2025-02-09,2025,2,9,1,2025-02,6,6,2025,202502,20250209,Feb,Sun,False,False,True
2025-02-10,2025,2,10,1,2025-02,0,7,2025,202502,20250210,Feb,Mon,False,False,False
2025-02-11,2025,2,11,1,2025-02,1,7,2025,202502,20250211,Feb,Tue,False,False,False
2025-02-12,2025,2,12,1,2025-02,2,7,2025,202502,20250212,Feb,Wed,False,False,False
2025-02-13,2025,2,13,1,2025-02,3,7,2025,202502,20250213,Feb,Thu,False,False,False
2025-02-14,2025,2,14,1,2025-02,4,7,2025,202502,20250214,Feb,Fri,False,False,False
2025-02-15,2025,2,15,1,2025-02,5,7,2025,202502,20250215,Feb,Sat,False,False,True
2025-02-16,2025,2,16,1,2025-02,6,7,2025,202502,20250216,Feb,Sun,False,False,True
2025-02-17,2025,2,17,1,2025-02,0,8,2025,202502,20250217,Feb,Mon,False,False,False
2025-02-18,2025,2,18,1,2025-02,1,8,2025,202502,20250218,Feb,Tue,False,False,False
2025-02-19,2025,2,19,1,2025-02,2,8,2025,202502,20250219,Feb,Wed,False,False,False
2025-02-20,2025,2,20,1,2025-02,3,8,2025,202502,20250220,Feb,Thu,False,False,False
2025-02-21,2025,2,21,1,2025-02,4,8,2025,202502,20250221,Feb,Fri,False,False,False
2025-02-22,2025,2,22,1,2025-02,5,8,2025,202502,20250222,Feb,Sat,False,False,True
2025-02-23,2025,2,23,1,2025-02,6,8,2025,202502,20250223,Feb,Sun,False,False,True
2025-02-24,2025,2,24,1,2025-02,0,9,2025,202502,20250224,Feb,Mon,False,False,False
2025-02-25,2025,2,25,1,2025-02,1,9,2025,202502,20250225,Feb,Tue,False,False,False
2025-02-26,2025,2,26,1,2025-02,2,9,2025,202502,20250226,Feb,Wed,False,False,False
2025-02-27,2025,2,27,1,2025-02,3,9,2025,202502,20250227,Feb,Thu,False,False,False
2025-02-28,2025,2,28,1,2025-02,4,9,2025,202502,20250228,Feb,Fri,False,True,False
2025-03-01,2025,3,1,1,2025-03,5,9,2025,202503,20250301,Mar,Sat,True,False,True
2025-03-02,2025,3,2,1,2025-03,6,9,2025,202503,20250302,Mar,Sun,False,False,True
2025-03-03,2025,3,3,1,2025-03,0,10,2025,202503,20250303,Mar,Mon,False,False,False
2025-03-04,2025,3,4,1,2025-03,1,10,2025,202503,20250304,Mar,Tue,False,False,False
2025-03-05,2025,3,5,1,2025-03,2,10,2025,202503,20250305,Mar,Wed,False,False,False
2025-03-06,2025,3,6,1,2025-03,3,10,2025,202503,20250306,Mar,Thu,False,False,False
2025-03-07,2025,3,7,1,2025-03,4,10,2025,202503,20250307,Mar,Fri,False,False,False
2025-03-08,2025,3,8,1,2025-03,5,10,2025,202503,20250308,Mar,Sat,False,False,True
2025-03-09,2025,3,9,1,2025-03,6,10,2025,202503,20250309,Mar,Sun,False,False,True
2025-03-10,2025,3,10,1,2025-03,0,11,2025,202503,20250310,Mar,Mon,False,False,False
2025-03-11,2025,3,11,1,2025-03,1,11,2025,202503,20250311,Mar,Tue,False,False,False
2025-03-12,2025,3,12,1,2025-03,2,11,2025,202503,20250312,Mar,Wed,False,False,False
2025-03-13,2025,3,13,1,2025-03,3,11,2025,202503,20250313,Mar,Thu,False,False,False
2025-03-14,2025,3,14,1,2025-03,4,11,2025,202503,20250314,Mar,Fri,False,False,False
2025-03-15,2025,3,15,1,2025-03,5,11,2025,202503,20250315,Mar,Sat,False,False,True
2025-03-16,2025,3,16,1,2025-03,6,11,2025,202503,20250316,Mar,Sun,False,False,True
2025-03-17,2025,3,17,1,2025-03,0,12,2025,202503,20250317,Mar,Mon,False,False,False
2025-03-18,2025,3,18,1,2025-03,1,12,2025,202503,20250318,Mar,Tue,False,False,False
2025-03-19,2025,3,19,1,2025-03,2,12,2025,202503,20250319,Mar,Wed,False,False,False
2025-03-20,2025,3,20,1,2025-03,3,12,2025,202503,20250320,Mar,Thu,False,False,False
2025-03-21,2025,3,21,1,2025-03,4,12,2025,202503,20250321,Mar,Fri,False,False,False
2025-03-22,2025,3,22,1,2025-03,5,12,2025,202503,20250322,Mar,Sat,False,False,True
2025-03-23,2025,3,23,1,2025-03,6,12,2025,202503,20250323,Mar,Sun,False,False,True
2025-03-24,2025,3,24,1,2025-03,0,13,2025,202503,20250324,Mar,Mon,False,False,False
2025-03-25,2025,3,25,1,2025-03,1,13,2025,202503,20250325,Mar,Tue,False,False,False
2025-03-26,2025,3,26,1,2025-03,2,13,2025,202503,20250326,Mar,Wed,False,False,False
2025-03-27,2025,3,27,1,2025-03,3,13,2025,202503,20250327,Mar,Thu,False,False,False
2025-03-28,2025,3,28,1,2025-03,4,13,2025,202503,20250328,Mar,Fri,False,False,False
2025-03-29,2025,3,29,1,2025-03,5,13,2025,202503,20250329,Mar,Sat,False,False,True
2025-03-30,2025,3,30,1,2025-03,6,13,2025,202503,20250330,Mar,Sun,False,False,True
2025-03-31,2025,3,31,1,2025-03,0,14,2025,202503,20250331,Mar,Mon,False,True,False
2025-04-01,2025,4,1,2,2025-04,1,14,2025,202504,20250401,Apr,Tue,True,False,False
2025-04-02,2025,4,2,2,2025-04,2,14,2025,202504,20250402,Apr,Wed,False,False,False
2025-04-03,2025,4,3,2,2025-04,3,14,2025,202504,20250403,Apr,Thu,False,False,False
2025-04-04,2025,4,4,2,2025-04,4,14,2025,202504,20250404,Apr,Fri,False,False,False
2025-04-05,2025,4,5,2,2025-04,5,14,2025,202504,20250405,Apr,Sat,False,False,True
2025-04-06,2025,4,6,2,2025-04,6,14,2025,202504,20250406,Apr,Sun,False,False,True
2025-04-07,2025,4,7,2,2025-04,0,15,2025,202504,20250407,Apr,Mon,False,False,False
2025-04-08,2025,4,8,2,2025-04,1,15,2025,202504,20250408,Apr,Tue,False,False,False
2025-04-09,2025,4,9,2,2025-04,2,15,2025,202504,20250409,Apr,Wed,False,False,False
2025-04-10,2025,4,10,2,2025-04,3,15,2025,202504,20250410,Apr,Thu,False,False,False
2025-04-11,2025,4,11,2,2025-04,4,15,2025,202504,20250411,Apr,Fri,False,False,False
2025-04-12,2025,4,12,2,2025-04,5,15,2025,202504,20250412,Apr,Sat,False,False,True
2025-04-13,2025,4,13,2,2025-04,6,15,2025,202504,20250413,Apr,Sun,False,False,True
2025-04-14,2025,4,14,2,2025-04,0,16,2025,202504,20250414,Apr,Mon,False,False,False
2025-04-15,2025,4,15,2,2025-04,1,16,2025,202504,20250415,Apr,Tue,False,False,False
2025-04-16,2025,4,16,2,2025-04,2,16,2025,202504,20250416,Apr,Wed,False,False,False
2025-04-17,2025,4,17,2,2025-04,3,16,2025,202504,20250417,Apr,Thu,False,False,False
2025-04-18,2025,4,18,2,2025-04,4,16,2025,202504,20250418,Apr,Fri,False,False,False
2025-04-19,2025,4,19,2,2025-04,5,16,2025,202504,20250419,Apr,Sat,False,False,True
2025-04-20,2025,4,20,2,2025-04,6,16,2025,202504,20250420,Apr,Sun,False,False,True
2025-04-21,2025,4,21,2,2025-04,0,17,2025,202504,20250421,Apr,Mon,False,False,False
2025-04-22,2025,4,22,2,2025-04,1,17,2025,202504,20250422,Apr,Tue,False,False,False
2025-04-23,2025,4,23,2,2025-04,2,17,2025,202504,20250423,Apr,Wed,False,False,False
2025-04-24,2025,4,24,2,2025-04,3,17,2025,202504,20250424,Apr,Thu,False,False,False
2025-04-25,2025,4,25,2,2025-04,4,17,2025,202504,20250425,Apr,Fri,False,False,False
2025-04-26,2025,4,26,2,2025-04,5,17,2025,202504,20250426,Apr,Sat,False,False,True
2025-04-27,2025,4,27,2,2025-04,6,17,2025,202504,20250427,Apr,Sun,False,False,True
2025-04-28,2025,4,28,2,2025-04,0,18,2025,202504,20250428,Apr,Mon,False,False,False
2025-04-29,2025,4,29,2,2025-04,1,18,2025,202504,20250429,Apr,Tue,False,False,False
2025-04-30,2025,4,30,2,2025-04,2,18,2025,202504,20250430,Apr,Wed,False,True,False
2025-05-01,2025,5,1,2,2025-05,3,18,2025,202505,20250501,May,Thu,True,False,False
2025-05-02,2025,5,2,2,2025-05,4,18,2025,202505,20250502,May,Fri,False,False,False
2025-05-03,2025,5,3,2,2025-05,5,18,2025,202505,20250503,May,Sat,False,False,True
2025-05-04,2025,5,4,2,2025-05,6,18,2025,202505,20250504,May,Sun,False,False,True
2025-05-05,2025,5,5,2,2025-05,0,19,2025,202505,20250505,May,Mon,False,False,False
2025-05-06,2025,5,6,2,2025-05,1,19,2025,202505,20250506,May,Tue,False,False,False
2025-05-07,2025,5,7,2,2025-05,2,19,2025,202505,20250507,May,Wed,False,False,False
2025-05-08,2025,5,8,2,2025-05,3,19,2025,202505,20250508,May,Thu,False,False,False
2025-05-09,2025,5,9,2,2025-05,4,19,2025,202505,20250509,May,Fri,False,False,False
2025-05-10,2025,5,10,2,2025-05,5,19,2025,202505,20250510,May,Sat,False,False,True
2025-05-11,2025,5,11,2,2025-05,6,19,2025,202505,20250511,May,Sun,False,False,True
2025-05-12,2025,5,12,2,2025-05,0,20,2025,202505,20250512,May,Mon,False,False,False
2025-05-13,2025,5,13,2,2025-05,1,20,2025,202505,20250513,May,Tue,False,False,False
2025-05-14,2025,5,14,2,2025-05,2,20,2025,202505,20250514,May,Wed,False,False,False
2025-05-15,2025,5,15,2,2025-05,3,20,2025,202505,20250515,May,Thu,False,False,False
2025-05-16,2025,5,16,2,2025-05,4,20,2025,202505,20250516,May,Fri,False,False,False
2025-05-17,2025,5,17,2,2025-05,5,20,2025,202505,20250517,May,Sat,False,False,True
2025-05-18,2025,5,18,2,2025-05,6,20,2025,202505,20250518,May,Sun,False,False,True
2025-05-19,2025,5,19,2,2025-05,0,21,2025,202505,20250519,May,Mon,False,False,False
2025-05-20,2025,5,20,2,2025-05,1,21,2025,202505,20250520,May,Tue,False,False,False
2025-05-21,2025,5,21,2,2025-05,2,21,2025,202505,20250521,May,Wed,False,False,False
2025-05-22,2025,5,22,2,2025-05,3,21,2025,202505,20250522,May,Thu,False,False,False
2025-05-23,2025,5,23,2,2025-05,4,21,2025,202505,20250523,May,Fri,False,False,False
2025-05-24,2025,5,24,2,2025-05,5,21,2025,202505,20250524,May,Sat,False,False,True
